"row_id","client_id","month_dt","week_dt","volume_session_mb","calls_count","sms_count","transactions_amount"
"W1001_202410_1","1001","2024-10","2024-10-01","1412.76","49","46","18.26"
"W1001_202410_2","1001","2024-10","2024-10-08","1944.47","47","56","21.04"
"W1001_202410_3","1001","2024-10","2024-10-15","1883.56","66","39","11.28"
"W1001_202410_4","1001","2024-10","2024-10-22","1299.36","86","60","12.4"
"W1001_202411_1","1001","2024-11","2024-11-01","332.14","92","8","36.46"
"W1001_202411_2","1001","2024-11","2024-11-08","231.82","50","9","27.78"
"W1001_202411_3","1001","2024-11","2024-11-15","317.41","53","6","25.07"
"W1001_202411_4","1001","2024-11","2024-11-22","291.69","70","13","37.73"
"W1001_202412_1","1001","2024-12","2024-12-01","1432.74","8","105","19.04"
"W1001_202412_2","1001","2024-12","2024-12-08","1541.82","11","85","27.65"
"W1001_202412_3","1001","2024-12","2024-12-15","1271.6","11","132","25.34"
"W1001_202412_4","1001","2024-12","2024-12-22","1054.45","8","59","15.89"
"W1001_202501_1","1001","2025-01","2025-01-01","959.91","44","56","48.09"
"W1001_202501_2","1001","2025-01","2025-01-08","958.85","56","29","30.72"
"W1001_202501_3","1001","2025-01","2025-01-15","967.82","38","34","38.5"
"W1001_202501_4","1001","2025-01","2025-01-22","999.56","55","44","41.02"
"W1002_202410_1","1002","2024-10","2024-10-01","1304.85","53","59","18.91"
"W1002_202410_2","1002","2024-10","2024-10-08","974.32","45","74","19.75"
"W1002_202410_3","1002","2024-10","2024-10-15","846.7","78","73","19.9"
"W1002_202410_4","1002","2024-10","2024-10-22","894.23","65","111","22.57"
"W1002_202411_1","1002","2024-11","2024-11-01","2669.79","140","60","27.88"
"W1002_202411_2","1002","2024-11","2024-11-08","1950.37","82","79","34.87"
"W1002_202411_3","1002","2024-11","2024-11-15","3018.71","118","43","29.1"
"W1002_202411_4","1002","2024-11","2024-11-22","2038.98","103","41","20.45"
"W1002_202412_1","1002","2024-12","2024-12-01","2466.05","73","75","49.31"
"W1002_202412_2","1002","2024-12","2024-12-08","2987.26","42","118","28.78"
"W1002_202412_3","1002","2024-12","2024-12-15","3767.66","59","118","25.88"
"W1002_202412_4","1002","2024-12","2024-12-22","3247.3","65","73","28.71"
"W1002_202501_1","1002","2025-01","2025-01-01","1489.5","87","91","34.91"
"W1002_202501_2","1002","2025-01","2025-01-08","1263.33","140","113","25.67"
"W1002_202501_3","1002","2025-01","2025-01-15","1216.75","97","77","30.22"
"W1002_202501_4","1002","2025-01","2025-01-22","1097.61","86","111","26.68"
"W1003_202410_1","1003","2024-10","2024-10-01","1216.34","32","28","21.89"
"W1003_202410_2","1003","2024-10","2024-10-08","1252.61","36","13","19.16"
"W1003_202410_3","1003","2024-10","2024-10-15","1349.26","33","22","28.05"
"W1003_202410_4","1003","2024-10","2024-10-22","1488.03","30","20","29.85"
"W1003_202411_1","1003","2024-11","2024-11-01","728.18","73","36","11.95"
"W1003_202411_2","1003","2024-11","2024-11-08","928.79","106","62","24.2"
"W1003_202411_3","1003","2024-11","2024-11-15","833.82","120","49","22.62"
"W1003_202411_4","1003","2024-11","2024-11-22","740.46","76","33","16.56"
"W1003_202412_1","1003","2024-12","2024-12-01","1720.57","8","15","35.97"
"W1003_202412_2","1003","2024-12","2024-12-08","2053.7","14","31","37.69"
"W1003_202412_3","1003","2024-12","2024-12-15","1929.85","13","18","26.94"
"W1003_202412_4","1003","2024-12","2024-12-22","1717.56","8","28","32.97"
"W1003_202501_1","1003","2025-01","2025-01-01","253.44","88","25","18.43"
"W1003_202501_2","1003","2025-01","2025-01-08","349.2","152","16","20.29"
"W1003_202501_3","1003","2025-01","2025-01-15","273.86","155","21","11.07"
"W1003_202501_4","1003","2025-01","2025-01-22","285.89","163","18","10.22"
"W1004_202410_1","1004","2024-10","2024-10-01","1740.42","20","45","11.64"
"W1004_202410_2","1004","2024-10","2024-10-08","1732.85","21","83","11.18"
"W1004_202410_3","1004","2024-10","2024-10-15","2188.68","39","73","16.54"
"W1004_202410_4","1004","2024-10","2024-10-22","1487.63","23","68","11.89"
"W1004_202411_1","1004","2024-11","2024-11-01","1614.01","56","67","15.01"
"W1004_202411_2","1004","2024-11","2024-11-08","1695.42","103","77","17.45"
"W1004_202411_3","1004","2024-11","2024-11-15","1476.08","86","81","14.05"
"W1004_202411_4","1004","2024-11","2024-11-22","1380.66","87","48","21.26"
"W1004_202412_1","1004","2024-12","2024-12-01","2224.06","113","82","30.58"
"W1004_202412_2","1004","2024-12","2024-12-08","2295.35","145","122","30.59"
"W1004_202412_3","1004","2024-12","2024-12-15","2152.88","125","68","40.08"
"W1004_202412_4","1004","2024-12","2024-12-22","2877.98","141","82","31.99"
"W1004_202501_1","1004","2025-01","2025-01-01","1623.71","12","55","13.2"
"W1004_202501_2","1004","2025-01","2025-01-08","2346.33","7","63","27.25"
"W1004_202501_3","1004","2025-01","2025-01-15","1662.61","11","64","25.24"
"W1004_202501_4","1004","2025-01","2025-01-22","1864.38","8","94","20.98"
"W1005_202410_1","1005","2024-10","2024-10-01","2436.65","66","78","37.58"
"W1005_202410_2","1005","2024-10","2024-10-08","2826.33","74","112","46.73"
"W1005_202410_3","1005","2024-10","2024-10-15","2275.77","77","82","28.92"
"W1005_202410_4","1005","2024-10","2024-10-22","1848.39","69","82","47.99"
"W1005_202411_1","1005","2024-11","2024-11-01","2729.65","66","68","16.23"
"W1005_202411_2","1005","2024-11","2024-11-08","2193.3","64","57","16.53"
"W1005_202411_3","1005","2024-11","2024-11-15","2215.32","113","47","32.67"
"W1005_202411_4","1005","2024-11","2024-11-22","2315.04","63","71","19.8"
"W1005_202412_1","1005","2024-12","2024-12-01","1279.68","12","50","23.56"
"W1005_202412_2","1005","2024-12","2024-12-08","1398.36","13","33","26.09"
"W1005_202412_3","1005","2024-12","2024-12-15","1439.76","13","37","28.52"
"W1005_202412_4","1005","2024-12","2024-12-22","1149.32","8","51","27.55"
"W1005_202501_1","1005","2025-01","2025-01-01","1938.29","8","30","29.44"
"W1005_202501_2","1005","2025-01","2025-01-08","1315.08","10","31","36.26"
"W1005_202501_3","1005","2025-01","2025-01-15","1281.51","8","33","20.52"
"W1005_202501_4","1005","2025-01","2025-01-22","1941.21","9","25","21.7"
"W1006_202410_1","1006","2024-10","2024-10-01","1622.56","33","77","26.53"
"W1006_202410_2","1006","2024-10","2024-10-08","1965.89","37","85","23"
"W1006_202410_3","1006","2024-10","2024-10-15","1750.46","35","44","22.84"
"W1006_202410_4","1006","2024-10","2024-10-22","1782.9","19","62","15.38"
"W1006_202411_1","1006","2024-11","2024-11-01","1032.97","117","46","17.33"
"W1006_202411_2","1006","2024-11","2024-11-08","1065.82","135","29","18"
"W1006_202411_3","1006","2024-11","2024-11-15","771.89","139","53","15.05"
"W1006_202411_4","1006","2024-11","2024-11-22","913.74","143","55","15.14"
"W1006_202412_1","1006","2024-12","2024-12-01","489.25","47","26","25.67"
"W1006_202412_2","1006","2024-12","2024-12-08","496.86","37","58","13.55"
"W1006_202412_3","1006","2024-12","2024-12-15","510.29","62","50","15.2"
"W1006_202412_4","1006","2024-12","2024-12-22","465.13","37","56","16.49"
"W1006_202501_1","1006","2025-01","2025-01-01","416.97","107","11","30.28"
"W1006_202501_2","1006","2025-01","2025-01-08","567.82","69","12","31.03"
"W1006_202501_3","1006","2025-01","2025-01-15","513.79","58","9","21.96"
"W1006_202501_4","1006","2025-01","2025-01-22","462.49","91","13","28.07"
"W1007_202410_1","1007","2024-10","2024-10-01","1316.16","24","48","8.66"
"W1007_202410_2","1007","2024-10","2024-10-08","1859.56","42","50","11.28"
"W1007_202410_3","1007","2024-10","2024-10-15","1360.4","37","77","6.73"
"W1007_202410_4","1007","2024-10","2024-10-22","1833.33","47","68","11"
"W1007_202411_1","1007","2024-11","2024-11-01","643.54","128","53","43.07"
"W1007_202411_2","1007","2024-11","2024-11-08","456.68","110","55","39.32"
"W1007_202411_3","1007","2024-11","2024-11-15","626.4","91","73","25.81"
"W1007_202411_4","1007","2024-11","2024-11-22","488.87","111","37","22.45"
"W1007_202412_1","1007","2024-12","2024-12-01","1603.14","45","65","35.27"
"W1007_202412_2","1007","2024-12","2024-12-08","2039.9","43","98","21.65"
"W1007_202412_3","1007","2024-12","2024-12-15","2250.22","53","127","37.08"
"W1007_202412_4","1007","2024-12","2024-12-22","1536.99","35","70","37.08"
"W1007_202501_1","1007","2025-01","2025-01-01","774.82","19","40","31.41"
"W1007_202501_2","1007","2025-01","2025-01-08","1133.45","22","48","24.65"
"W1007_202501_3","1007","2025-01","2025-01-15","1000.73","24","66","21.91"
"W1007_202501_4","1007","2025-01","2025-01-22","1212.14","24","48","27.03"
"W1008_202410_1","1008","2024-10","2024-10-01","2695.26","42","23","22.49"
"W1008_202410_2","1008","2024-10","2024-10-08","1872.38","49","29","13.5"
"W1008_202410_3","1008","2024-10","2024-10-15","1889.23","63","30","20.76"
"W1008_202410_4","1008","2024-10","2024-10-22","2433.92","59","38","18.15"
"W1008_202411_1","1008","2024-11","2024-11-01","1218.6","82","70","44.47"
"W1008_202411_2","1008","2024-11","2024-11-08","839.7","59","55","37.5"
"W1008_202411_3","1008","2024-11","2024-11-15","850.64","99","117","26.02"
"W1008_202411_4","1008","2024-11","2024-11-22","999.5","93","124","26.93"
"W1008_202412_1","1008","2024-12","2024-12-01","583.98","118","58","21.97"
"W1008_202412_2","1008","2024-12","2024-12-08","744.31","70","67","16.99"
"W1008_202412_3","1008","2024-12","2024-12-15","795.54","94","80","16.65"
"W1008_202412_4","1008","2024-12","2024-12-22","817.91","69","128","24.43"
"W1008_202501_1","1008","2025-01","2025-01-01","3844.4","16","24","8.09"
"W1008_202501_2","1008","2025-01","2025-01-08","3821.76","20","24","12.2"
"W1008_202501_3","1008","2025-01","2025-01-15","3600.26","18","46","13.07"
"W1008_202501_4","1008","2025-01","2025-01-22","3803.78","20","29","15.53"
"W1009_202410_1","1009","2024-10","2024-10-01","2205.44","120","66","30.65"
"W1009_202410_2","1009","2024-10","2024-10-08","2997.02","90","50","26.24"
"W1009_202410_3","1009","2024-10","2024-10-15","2647.98","104","65","21.94"
"W1009_202410_4","1009","2024-10","2024-10-22","2065.62","96","50","36.44"
"W1009_202411_1","1009","2024-11","2024-11-01","1526.44","90","131","24.22"
"W1009_202411_2","1009","2024-11","2024-11-08","1920.5","57","112","14.91"
"W1009_202411_3","1009","2024-11","2024-11-15","1876.45","59","108","21.85"
"W1009_202411_4","1009","2024-11","2024-11-22","1999.86","93","129","17.86"
"W1009_202412_1","1009","2024-12","2024-12-01","2799.68","76","101","19.67"
"W1009_202412_2","1009","2024-12","2024-12-08","3369.53","57","93","34.76"
"W1009_202412_3","1009","2024-12","2024-12-15","3403.09","71","57","22.12"
"W1009_202412_4","1009","2024-12","2024-12-22","3300.03","67","74","30.63"
"W1009_202501_1","1009","2025-01","2025-01-01","3331.37","117","127","12.97"
"W1009_202501_2","1009","2025-01","2025-01-08","3501.71","99","93","16.56"
"W1009_202501_3","1009","2025-01","2025-01-15","2606.27","117","77","10.62"
"W1009_202501_4","1009","2025-01","2025-01-22","3043.79","61","109","17.22"
"W1010_202410_1","1010","2024-10","2024-10-01","1359.87","81","11","16.62"
"W1010_202410_2","1010","2024-10","2024-10-08","1104.88","71","10","19.57"
"W1010_202410_3","1010","2024-10","2024-10-15","857.53","80","7","11.99"
"W1010_202410_4","1010","2024-10","2024-10-22","1410.98","132","8","12.54"
"W1010_202411_1","1010","2024-11","2024-11-01","575.12","45","48","28.44"
"W1010_202411_2","1010","2024-11","2024-11-08","593.33","31","54","37.23"
"W1010_202411_3","1010","2024-11","2024-11-15","471.25","42","66","23.59"
"W1010_202411_4","1010","2024-11","2024-11-22","693.81","36","71","31.74"
"W1010_202412_1","1010","2024-12","2024-12-01","3021.35","96","41","34.3"
"W1010_202412_2","1010","2024-12","2024-12-08","3032.99","138","46","25.15"
"W1010_202412_3","1010","2024-12","2024-12-15","3101.21","144","53","26.21"
"W1010_202412_4","1010","2024-12","2024-12-22","3441.22","96","48","36.42"
"W1010_202501_1","1010","2025-01","2025-01-01","1068.85","17","11","17.02"
"W1010_202501_2","1010","2025-01","2025-01-08","802.51","30","6","30.41"
"W1010_202501_3","1010","2025-01","2025-01-15","1086.58","18","12","22.86"
"W1010_202501_4","1010","2025-01","2025-01-22","1061.59","31","5","25.31"
"W1011_202410_1","1011","2024-10","2024-10-01","325.44","24","56","37.57"
"W1011_202410_2","1011","2024-10","2024-10-08","423.32","21","96","29.14"
"W1011_202410_3","1011","2024-10","2024-10-15","355.36","26","62","25.28"
"W1011_202410_4","1011","2024-10","2024-10-22","399.27","25","98","32.35"
"W1011_202411_1","1011","2024-11","2024-11-01","791.37","136","31","33.35"
"W1011_202411_2","1011","2024-11","2024-11-08","770.16","133","28","32.73"
"W1011_202411_3","1011","2024-11","2024-11-15","812.65","86","33","23.63"
"W1011_202411_4","1011","2024-11","2024-11-22","557.11","88","23","21.49"
"W1011_202412_1","1011","2024-12","2024-12-01","1193.73","30","57","32.31"
"W1011_202412_2","1011","2024-12","2024-12-08","1003.86","29","103","34.16"
"W1011_202412_3","1011","2024-12","2024-12-15","1133.93","43","100","21.67"
"W1011_202412_4","1011","2024-12","2024-12-22","1099.51","33","72","32.88"
"W1011_202501_1","1011","2025-01","2025-01-01","1429.78","69","3","8.34"
"W1011_202501_2","1011","2025-01","2025-01-08","1409.24","46","4","11.29"
"W1011_202501_3","1011","2025-01","2025-01-15","1492.32","42","2","15.5"
"W1011_202501_4","1011","2025-01","2025-01-22","1516.69","57","3","10.76"
"W1012_202410_1","1012","2024-10","2024-10-01","523.26","19","26","22.09"
"W1012_202410_2","1012","2024-10","2024-10-08","559.1","24","51","34.99"
"W1012_202410_3","1012","2024-10","2024-10-15","568.51","25","46","18.56"
"W1012_202410_4","1012","2024-10","2024-10-22","719.37","28","41","35.14"
"W1012_202411_1","1012","2024-11","2024-11-01","3097.2","86","24","13.75"
"W1012_202411_2","1012","2024-11","2024-11-08","2847.07","157","32","20.44"
"W1012_202411_3","1012","2024-11","2024-11-15","3539.44","157","29","18.29"
"W1012_202411_4","1012","2024-11","2024-11-22","3467.67","128","30","18.54"
"W1012_202412_1","1012","2024-12","2024-12-01","2342.33","34","98","28.8"
"W1012_202412_2","1012","2024-12","2024-12-08","2259.47","61","73","20.84"
"W1012_202412_3","1012","2024-12","2024-12-15","1884.75","53","51","31.24"
"W1012_202412_4","1012","2024-12","2024-12-22","2149.21","52","98","37.96"
"W1012_202501_1","1012","2025-01","2025-01-01","4151.18","46","60","19.92"
"W1012_202501_2","1012","2025-01","2025-01-08","2901.46","65","41","26.96"
"W1012_202501_3","1012","2025-01","2025-01-15","3248.94","64","57","36.73"
"W1012_202501_4","1012","2025-01","2025-01-22","3232.05","63","60","36.63"
"W1013_202410_1","1013","2024-10","2024-10-01","693.06","70","51","16.79"
"W1013_202410_2","1013","2024-10","2024-10-08","798.45","73","37","12.98"
"W1013_202410_3","1013","2024-10","2024-10-15","618.12","68","75","12.03"
"W1013_202410_4","1013","2024-10","2024-10-22","736.67","96","44","21.13"
"W1013_202411_1","1013","2024-11","2024-11-01","1378.31","102","62","13.5"
"W1013_202411_2","1013","2024-11","2024-11-08","982.38","102","59","14.14"
"W1013_202411_3","1013","2024-11","2024-11-15","1233.85","86","52","14.35"
"W1013_202411_4","1013","2024-11","2024-11-22","1367.99","87","89","20.69"
"W1013_202412_1","1013","2024-12","2024-12-01","424.49","120","35","13.92"
"W1013_202412_2","1013","2024-12","2024-12-08","331.52","119","46","13.07"
"W1013_202412_3","1013","2024-12","2024-12-15","281.4","87","47","13.8"
"W1013_202412_4","1013","2024-12","2024-12-22","455.84","139","47","10.55"
"W1013_202501_1","1013","2025-01","2025-01-01","339.98","76","53","29.02"
"W1013_202501_2","1013","2025-01","2025-01-08","383.86","65","48","24.48"
"W1013_202501_3","1013","2025-01","2025-01-15","463.94","88","52","20.45"
"W1013_202501_4","1013","2025-01","2025-01-22","376.89","88","68","21.41"
"W1014_202410_1","1014","2024-10","2024-10-01","2079.93","28","18","21.53"
"W1014_202410_2","1014","2024-10","2024-10-08","1636.92","23","11","12.75"
"W1014_202410_3","1014","2024-10","2024-10-15","1900.04","32","16","19.7"
"W1014_202410_4","1014","2024-10","2024-10-22","2640.29","28","10","17.92"
"W1014_202411_1","1014","2024-11","2024-11-01","1876.9","172","7","25.42"
"W1014_202411_2","1014","2024-11","2024-11-08","1564.58","95","4","37.48"
"W1014_202411_3","1014","2024-11","2024-11-15","1360.39","107","7","28.86"
"W1014_202411_4","1014","2024-11","2024-11-22","1754.23","102","4","37.28"
"W1014_202412_1","1014","2024-12","2024-12-01","1678.71","93","94","19.17"
"W1014_202412_2","1014","2024-12","2024-12-08","1191.66","103","84","24.52"
"W1014_202412_3","1014","2024-12","2024-12-15","1278.34","112","89","28.05"
"W1014_202412_4","1014","2024-12","2024-12-22","1180.69","145","66","33.08"
"W1014_202501_1","1014","2025-01","2025-01-01","1203.25","65","5","31.55"
"W1014_202501_2","1014","2025-01","2025-01-08","1718.73","77","6","23.69"
"W1014_202501_3","1014","2025-01","2025-01-15","1733.21","53","4","31.3"
"W1014_202501_4","1014","2025-01","2025-01-22","1424.85","94","5","38.22"
"W1015_202410_1","1015","2024-10","2024-10-01","1143.25","80","18","31.28"
"W1015_202410_2","1015","2024-10","2024-10-08","1142.26","76","18","23.29"
"W1015_202410_3","1015","2024-10","2024-10-15","1271.19","122","21","35.08"
"W1015_202410_4","1015","2024-10","2024-10-22","996.62","75","24","23.57"
"W1015_202411_1","1015","2024-11","2024-11-01","1238.36","29","110","28.27"
"W1015_202411_2","1015","2024-11","2024-11-08","1323.48","21","75","28.42"
"W1015_202411_3","1015","2024-11","2024-11-15","1455.62","25","79","26.94"
"W1015_202411_4","1015","2024-11","2024-11-22","1179.72","39","70","32.22"
"W1015_202412_1","1015","2024-12","2024-12-01","3531.39","49","81","24.91"
"W1015_202412_2","1015","2024-12","2024-12-08","4204.91","57","82","23.57"
"W1015_202412_3","1015","2024-12","2024-12-15","2806.73","45","82","19.1"
"W1015_202412_4","1015","2024-12","2024-12-22","2935.43","66","57","20.39"
"W1015_202501_1","1015","2025-01","2025-01-01","735.96","140","68","19.62"
"W1015_202501_2","1015","2025-01","2025-01-08","591.9","113","73","12.2"
"W1015_202501_3","1015","2025-01","2025-01-15","923.28","113","97","13.02"
"W1015_202501_4","1015","2025-01","2025-01-22","955.32","84","105","14.49"
"W1016_202410_1","1016","2024-10","2024-10-01","540.52","157","4","23.25"
"W1016_202410_2","1016","2024-10","2024-10-08","429.94","98","4","22.26"
"W1016_202410_3","1016","2024-10","2024-10-15","489.48","143","6","30.75"
"W1016_202410_4","1016","2024-10","2024-10-22","414.93","89","6","30.28"
"W1016_202411_1","1016","2024-11","2024-11-01","598.96","88","87","26.27"
"W1016_202411_2","1016","2024-11","2024-11-08","422.39","86","97","24.51"
"W1016_202411_3","1016","2024-11","2024-11-15","427.6","60","87","24.77"
"W1016_202411_4","1016","2024-11","2024-11-22","458.54","71","97","23.52"
"W1016_202412_1","1016","2024-12","2024-12-01","1339.21","111","11","18.27"
"W1016_202412_2","1016","2024-12","2024-12-08","1288.13","98","14","26.84"
"W1016_202412_3","1016","2024-12","2024-12-15","1049.2","98","14","28.84"
"W1016_202412_4","1016","2024-12","2024-12-22","1261.12","97","11","31.73"
"W1016_202501_1","1016","2025-01","2025-01-01","498.01","104","12","19.58"
"W1016_202501_2","1016","2025-01","2025-01-08","579.17","156","13","14.63"
"W1016_202501_3","1016","2025-01","2025-01-15","542.05","87","8","11.32"
"W1016_202501_4","1016","2025-01","2025-01-22","550.71","138","8","15.91"
"W1017_202410_1","1017","2024-10","2024-10-01","1878.29","110","15","33.63"
"W1017_202410_2","1017","2024-10","2024-10-08","2434.65","101","11","37.39"
"W1017_202410_3","1017","2024-10","2024-10-15","2853.47","114","22","30.39"
"W1017_202410_4","1017","2024-10","2024-10-22","2572.32","160","19","29.66"
"W1017_202411_1","1017","2024-11","2024-11-01","2885.87","81","7","20.54"
"W1017_202411_2","1017","2024-11","2024-11-08","2739.71","112","6","13.5"
"W1017_202411_3","1017","2024-11","2024-11-15","2050.21","79","10","22.66"
"W1017_202411_4","1017","2024-11","2024-11-22","2660.14","117","6","14.96"
"W1017_202412_1","1017","2024-12","2024-12-01","315.35","69","20","37.63"
"W1017_202412_2","1017","2024-12","2024-12-08","394.87","59","18","26.28"
"W1017_202412_3","1017","2024-12","2024-12-15","398.77","57","16","39.24"
"W1017_202412_4","1017","2024-12","2024-12-22","411.83","91","26","27.46"
"W1017_202501_1","1017","2025-01","2025-01-01","1412.11","79","43","20.06"
"W1017_202501_2","1017","2025-01","2025-01-08","1114.48","50","57","27.75"
"W1017_202501_3","1017","2025-01","2025-01-15","1629.49","57","44","28.51"
"W1017_202501_4","1017","2025-01","2025-01-22","1111.41","91","36","24.42"
"W1018_202410_1","1018","2024-10","2024-10-01","1073.04","90","59","20.8"
"W1018_202410_2","1018","2024-10","2024-10-08","867.39","83","49","15.74"
"W1018_202410_3","1018","2024-10","2024-10-15","1259.02","73","43","22.75"
"W1018_202410_4","1018","2024-10","2024-10-22","1122.69","68","52","27.76"
"W1018_202411_1","1018","2024-11","2024-11-01","1361.32","47","55","39.53"
"W1018_202411_2","1018","2024-11","2024-11-08","1373.47","70","95","25.19"
"W1018_202411_3","1018","2024-11","2024-11-15","1325.6","82","70","39.99"
"W1018_202411_4","1018","2024-11","2024-11-22","1651.86","90","94","42.8"
"W1018_202412_1","1018","2024-12","2024-12-01","3189.22","64","25","20.48"
"W1018_202412_2","1018","2024-12","2024-12-08","2452.69","62","35","31.63"
"W1018_202412_3","1018","2024-12","2024-12-15","2948.4","98","29","20.19"
"W1018_202412_4","1018","2024-12","2024-12-22","2574.79","87","20","39.98"
"W1018_202501_1","1018","2025-01","2025-01-01","1382.88","153","52","27.02"
"W1018_202501_2","1018","2025-01","2025-01-08","905.06","145","65","24.74"
"W1018_202501_3","1018","2025-01","2025-01-15","1247.03","102","43","16.1"
"W1018_202501_4","1018","2025-01","2025-01-22","1360.1","98","70","14.14"
"W1019_202410_1","1019","2024-10","2024-10-01","1085.2","22","9","10.29"
"W1019_202410_2","1019","2024-10","2024-10-08","1005.74","20","13","9.53"
"W1019_202410_3","1019","2024-10","2024-10-15","1401.18","18","16","6.03"
"W1019_202410_4","1019","2024-10","2024-10-22","1004.83","29","16","11.4"
"W1019_202411_1","1019","2024-11","2024-11-01","3354.81","122","100","28.72"
"W1019_202411_2","1019","2024-11","2024-11-08","2462.78","145","72","35.03"
"W1019_202411_3","1019","2024-11","2024-11-15","3434.91","97","50","32.44"
"W1019_202411_4","1019","2024-11","2024-11-22","3066.52","140","71","37.92"
"W1019_202412_1","1019","2024-12","2024-12-01","3514.98","42","118","14.02"
"W1019_202412_2","1019","2024-12","2024-12-08","2941.33","36","81","8.3"
"W1019_202412_3","1019","2024-12","2024-12-15","3509.95","68","94","9.91"
"W1019_202412_4","1019","2024-12","2024-12-22","3672.52","59","108","14.74"
"W1019_202501_1","1019","2025-01","2025-01-01","2512.3","20","89","10.01"
"W1019_202501_2","1019","2025-01","2025-01-08","2539.17","12","79","11.63"
"W1019_202501_3","1019","2025-01","2025-01-15","3039.58","17","91","13.35"
"W1019_202501_4","1019","2025-01","2025-01-22","2941.34","19","122","14.62"
"W1020_202410_1","1020","2024-10","2024-10-01","634.58","145","99","21.63"
"W1020_202410_2","1020","2024-10","2024-10-08","609.44","89","48","20.55"
"W1020_202410_3","1020","2024-10","2024-10-15","486.79","136","55","11.37"
"W1020_202410_4","1020","2024-10","2024-10-22","560.31","129","85","13.56"
"W1020_202411_1","1020","2024-11","2024-11-01","2106.75","94","38","12.53"
"W1020_202411_2","1020","2024-11","2024-11-08","2216.31","98","36","9.53"
"W1020_202411_3","1020","2024-11","2024-11-15","1867.94","69","33","13.11"
"W1020_202411_4","1020","2024-11","2024-11-22","2147.32","91","32","9.55"
"W1020_202412_1","1020","2024-12","2024-12-01","1341.85","152","38","23.57"
"W1020_202412_2","1020","2024-12","2024-12-08","1293.91","156","55","25.85"
"W1020_202412_3","1020","2024-12","2024-12-15","1418.74","95","33","25.86"
"W1020_202412_4","1020","2024-12","2024-12-22","1065.19","114","71","20.65"
"W1020_202501_1","1020","2025-01","2025-01-01","2357.72","25","42","24.44"
"W1020_202501_2","1020","2025-01","2025-01-08","2414.85","32","24","18.48"
"W1020_202501_3","1020","2025-01","2025-01-15","3409.75","26","24","26.83"
"W1020_202501_4","1020","2025-01","2025-01-22","2232.54","28","28","19.74"
"W1021_202410_1","1021","2024-10","2024-10-01","2815.31","85","48","7.81"
"W1021_202410_2","1021","2024-10","2024-10-08","2075.33","89","40","9.32"
"W1021_202410_3","1021","2024-10","2024-10-15","3281.81","133","47","8.14"
"W1021_202410_4","1021","2024-10","2024-10-22","2824.93","111","60","10.83"
"W1021_202411_1","1021","2024-11","2024-11-01","1383.73","62","71","23.18"
"W1021_202411_2","1021","2024-11","2024-11-08","1812.45","53","70","32.27"
"W1021_202411_3","1021","2024-11","2024-11-15","1682.57","83","52","33"
"W1021_202411_4","1021","2024-11","2024-11-22","1301.34","76","82","29.98"
"W1021_202412_1","1021","2024-12","2024-12-01","2459.67","71","65","14.15"
"W1021_202412_2","1021","2024-12","2024-12-08","2679.28","76","88","19.11"
"W1021_202412_3","1021","2024-12","2024-12-15","2623.61","76","73","18.78"
"W1021_202412_4","1021","2024-12","2024-12-22","3761.14","42","88","19.46"
"W1021_202501_1","1021","2025-01","2025-01-01","2048.04","75","23","33.35"
"W1021_202501_2","1021","2025-01","2025-01-08","2076.37","56","18","35.41"
"W1021_202501_3","1021","2025-01","2025-01-15","3043.53","60","20","45.21"
"W1021_202501_4","1021","2025-01","2025-01-22","2088.81","85","12","31.24"
"W1022_202410_1","1022","2024-10","2024-10-01","770.37","75","66","17.44"
"W1022_202410_2","1022","2024-10","2024-10-08","856.1","72","96","23.06"
"W1022_202410_3","1022","2024-10","2024-10-15","887.43","110","110","16.41"
"W1022_202410_4","1022","2024-10","2024-10-22","689.56","128","127","23.52"
"W1022_202411_1","1022","2024-11","2024-11-01","1830.78","103","25","18.81"
"W1022_202411_2","1022","2024-11","2024-11-08","2185.91","112","39","17.8"
"W1022_202411_3","1022","2024-11","2024-11-15","2041.94","133","31","18.82"
"W1022_202411_4","1022","2024-11","2024-11-22","1469.89","115","43","18.9"
"W1022_202412_1","1022","2024-12","2024-12-01","2950.03","35","20","11.75"
"W1022_202412_2","1022","2024-12","2024-12-08","3285.42","27","38","15.63"
"W1022_202412_3","1022","2024-12","2024-12-15","2583.64","38","19","15.37"
"W1022_202412_4","1022","2024-12","2024-12-22","2915.73","25","35","16.43"
"W1022_202501_1","1022","2025-01","2025-01-01","524.51","50","33","21.72"
"W1022_202501_2","1022","2025-01","2025-01-08","540.72","37","38","33.28"
"W1022_202501_3","1022","2025-01","2025-01-15","552.61","41","40","28.36"
"W1022_202501_4","1022","2025-01","2025-01-22","706.26","36","29","30.04"
"W1023_202410_1","1023","2024-10","2024-10-01","3317.66","69","70","22.28"
"W1023_202410_2","1023","2024-10","2024-10-08","3203.69","54","61","12.52"
"W1023_202410_3","1023","2024-10","2024-10-15","3082.4","81","31","19.05"
"W1023_202410_4","1023","2024-10","2024-10-22","2512.71","58","32","17.33"
"W1023_202411_1","1023","2024-11","2024-11-01","961.78","119","70","15.72"
"W1023_202411_2","1023","2024-11","2024-11-08","698","84","54","20.59"
"W1023_202411_3","1023","2024-11","2024-11-15","965.8","82","44","14.62"
"W1023_202411_4","1023","2024-11","2024-11-22","721.14","65","73","23.19"
"W1023_202412_1","1023","2024-12","2024-12-01","1114.03","68","131","17.82"
"W1023_202412_2","1023","2024-12","2024-12-08","1542.74","61","112","15.07"
"W1023_202412_3","1023","2024-12","2024-12-15","1670.23","69","117","23.67"
"W1023_202412_4","1023","2024-12","2024-12-22","1143.99","53","134","26.54"
"W1023_202501_1","1023","2025-01","2025-01-01","1276.07","117","38","21.49"
"W1023_202501_2","1023","2025-01","2025-01-08","1777.2","124","34","28.96"
"W1023_202501_3","1023","2025-01","2025-01-15","1329.59","120","28","29.04"
"W1023_202501_4","1023","2025-01","2025-01-22","1872","162","28","31.58"
"W1024_202410_1","1024","2024-10","2024-10-01","771.81","10","19","7.58"
"W1024_202410_2","1024","2024-10","2024-10-08","816.16","13","12","6.65"
"W1024_202410_3","1024","2024-10","2024-10-15","625.49","12","11","7.76"
"W1024_202410_4","1024","2024-10","2024-10-22","596.48","10","10","5.68"
"W1024_202411_1","1024","2024-11","2024-11-01","3210.9","99","4","21.93"
"W1024_202411_2","1024","2024-11","2024-11-08","2300.05","111","6","23.67"
"W1024_202411_3","1024","2024-11","2024-11-15","2755.56","144","3","21.91"
"W1024_202411_4","1024","2024-11","2024-11-22","3062.09","131","3","34.01"
"W1024_202412_1","1024","2024-12","2024-12-01","2423.03","50","113","21.58"
"W1024_202412_2","1024","2024-12","2024-12-08","2538.1","93","97","13.5"
"W1024_202412_3","1024","2024-12","2024-12-15","2737.28","48","96","12.64"
"W1024_202412_4","1024","2024-12","2024-12-22","2650.24","78","76","17.69"
"W1024_202501_1","1024","2025-01","2025-01-01","2606.74","126","29","12.2"
"W1024_202501_2","1024","2025-01","2025-01-08","3314.79","128","22","12.57"
"W1024_202501_3","1024","2025-01","2025-01-15","3272.41","113","26","10.81"
"W1024_202501_4","1024","2025-01","2025-01-22","3866.3","101","19","15.21"
"W1025_202410_1","1025","2024-10","2024-10-01","736.04","26","30","30.2"
"W1025_202410_2","1025","2024-10","2024-10-08","574.54","38","40","33.46"
"W1025_202410_3","1025","2024-10","2024-10-15","700.07","27","31","25.99"
"W1025_202410_4","1025","2024-10","2024-10-22","483.66","33","28","30.54"
"W1025_202411_1","1025","2024-11","2024-11-01","1879.85","92","46","34.13"
"W1025_202411_2","1025","2024-11","2024-11-08","1489.38","169","27","38.71"
"W1025_202411_3","1025","2024-11","2024-11-15","1628.89","91","38","29.32"
"W1025_202411_4","1025","2024-11","2024-11-22","1363.22","154","40","19.55"
"W1025_202412_1","1025","2024-12","2024-12-01","832.65","92","13","25.26"
"W1025_202412_2","1025","2024-12","2024-12-08","666.55","114","14","39.76"
"W1025_202412_3","1025","2024-12","2024-12-15","779.14","77","17","27.16"
"W1025_202412_4","1025","2024-12","2024-12-22","601.3","120","19","50.22"
"W1025_202501_1","1025","2025-01","2025-01-01","2373.47","37","9","30.5"
"W1025_202501_2","1025","2025-01","2025-01-08","2469","26","6","16.24"
"W1025_202501_3","1025","2025-01","2025-01-15","2340.68","29","11","26.2"
"W1025_202501_4","1025","2025-01","2025-01-22","2111.2","27","10","23.47"
"W1026_202410_1","1026","2024-10","2024-10-01","483.79","108","74","21.91"
"W1026_202410_2","1026","2024-10","2024-10-08","638.09","73","33","25.88"
"W1026_202410_3","1026","2024-10","2024-10-15","676.9","104","47","20.42"
"W1026_202410_4","1026","2024-10","2024-10-22","647.02","129","53","20.96"
"W1026_202411_1","1026","2024-11","2024-11-01","596.22","68","49","17.06"
"W1026_202411_2","1026","2024-11","2024-11-08","637.56","52","54","15.48"
"W1026_202411_3","1026","2024-11","2024-11-15","785.06","63","96","18.37"
"W1026_202411_4","1026","2024-11","2024-11-22","594.1","85","88","16.99"
"W1026_202412_1","1026","2024-12","2024-12-01","3483.99","142","80","38.81"
"W1026_202412_2","1026","2024-12","2024-12-08","2892.18","118","104","29.36"
"W1026_202412_3","1026","2024-12","2024-12-15","2245.39","90","107","42.22"
"W1026_202412_4","1026","2024-12","2024-12-22","2932","73","63","42.2"
"W1026_202501_1","1026","2025-01","2025-01-01","2577.09","60","42","15"
"W1026_202501_2","1026","2025-01","2025-01-08","3227.16","32","57","15.29"
"W1026_202501_3","1026","2025-01","2025-01-15","3676.76","42","58","14.08"
"W1026_202501_4","1026","2025-01","2025-01-22","4011.09","61","32","10.78"
"W1027_202410_1","1027","2024-10","2024-10-01","491.8","33","127","43.88"
"W1027_202410_2","1027","2024-10","2024-10-08","586.44","54","63","52.05"
"W1027_202410_3","1027","2024-10","2024-10-15","689.87","40","83","43.25"
"W1027_202410_4","1027","2024-10","2024-10-22","744.05","49","65","42.46"
"W1027_202411_1","1027","2024-11","2024-11-01","2353.48","95","69","27.82"
"W1027_202411_2","1027","2024-11","2024-11-08","2627.63","131","98","21.4"
"W1027_202411_3","1027","2024-11","2024-11-15","2482.54","128","96","22.84"
"W1027_202411_4","1027","2024-11","2024-11-22","2720.87","135","83","15.02"
"W1027_202412_1","1027","2024-12","2024-12-01","363.16","127","88","12.38"
"W1027_202412_2","1027","2024-12","2024-12-08","405.91","75","110","13.75"
"W1027_202412_3","1027","2024-12","2024-12-15","510.72","136","97","19.62"
"W1027_202412_4","1027","2024-12","2024-12-22","439.39","140","102","17.41"
"W1027_202501_1","1027","2025-01","2025-01-01","1310.58","58","79","7.59"
"W1027_202501_2","1027","2025-01","2025-01-08","1280.05","66","106","12.25"
"W1027_202501_3","1027","2025-01","2025-01-15","948.48","91","132","10.66"
"W1027_202501_4","1027","2025-01","2025-01-22","1148.93","63","74","10.45"
"W1028_202410_1","1028","2024-10","2024-10-01","2277.26","25","117","28.77"
"W1028_202410_2","1028","2024-10","2024-10-08","3004.55","33","105","34.02"
"W1028_202410_3","1028","2024-10","2024-10-15","3225.52","30","125","35.96"
"W1028_202410_4","1028","2024-10","2024-10-22","3294.72","37","120","34.34"
"W1028_202411_1","1028","2024-11","2024-11-01","1359.76","136","31","19.28"
"W1028_202411_2","1028","2024-11","2024-11-08","1386.2","154","26","16.34"
"W1028_202411_3","1028","2024-11","2024-11-15","1997.3","87","37","13.45"
"W1028_202411_4","1028","2024-11","2024-11-22","1902.67","116","41","12.23"
"W1028_202412_1","1028","2024-12","2024-12-01","3496.87","142","49","12.49"
"W1028_202412_2","1028","2024-12","2024-12-08","2608.75","121","55","13.39"
"W1028_202412_3","1028","2024-12","2024-12-15","2576.99","111","38","13.91"
"W1028_202412_4","1028","2024-12","2024-12-22","2181.36","166","47","7.05"
"W1028_202501_1","1028","2025-01","2025-01-01","976.43","83","72","32.27"
"W1028_202501_2","1028","2025-01","2025-01-08","1397.16","88","100","26.2"
"W1028_202501_3","1028","2025-01","2025-01-15","1181.97","95","87","46.3"
"W1028_202501_4","1028","2025-01","2025-01-22","1498.58","66","62","37.46"
"W1029_202410_1","1029","2024-10","2024-10-01","2363.72","69","123","10.53"
"W1029_202410_2","1029","2024-10","2024-10-08","1788.76","86","71","9.98"
"W1029_202410_3","1029","2024-10","2024-10-15","2705.31","95","142","16.77"
"W1029_202410_4","1029","2024-10","2024-10-22","2452.92","51","128","14.41"
"W1029_202411_1","1029","2024-11","2024-11-01","1317.79","16","35","12.82"
"W1029_202411_2","1029","2024-11","2024-11-08","1305.29","14","31","9.4"
"W1029_202411_3","1029","2024-11","2024-11-15","1320.16","18","32","14.48"
"W1029_202411_4","1029","2024-11","2024-11-22","1244.37","13","37","19.12"
"W1029_202412_1","1029","2024-12","2024-12-01","3475.63","30","120","16.3"
"W1029_202412_2","1029","2024-12","2024-12-08","3438.35","29","66","12.85"
"W1029_202412_3","1029","2024-12","2024-12-15","3235.56","50","66","19.43"
"W1029_202412_4","1029","2024-12","2024-12-22","3296.74","38","87","16.29"
"W1029_202501_1","1029","2025-01","2025-01-01","2329.49","27","63","39.6"
"W1029_202501_2","1029","2025-01","2025-01-08","2085.54","25","80","30.87"
"W1029_202501_3","1029","2025-01","2025-01-15","2019.83","39","108","24.66"
"W1029_202501_4","1029","2025-01","2025-01-22","1537.41","33","51","33.29"
"W1030_202410_1","1030","2024-10","2024-10-01","2440.93","36","91","17.69"
"W1030_202410_2","1030","2024-10","2024-10-08","2948.68","30","86","15.85"
"W1030_202410_3","1030","2024-10","2024-10-15","2081.95","25","91","11.56"
"W1030_202410_4","1030","2024-10","2024-10-22","2128.81","24","64","21.97"
"W1030_202411_1","1030","2024-11","2024-11-01","2091.79","127","80","17.53"
"W1030_202411_2","1030","2024-11","2024-11-08","1988.38","90","66","9.2"
"W1030_202411_3","1030","2024-11","2024-11-15","1976.44","149","62","15.12"
"W1030_202411_4","1030","2024-11","2024-11-22","2320.1","98","54","9.7"
"W1030_202412_1","1030","2024-12","2024-12-01","425.55","13","21","26.78"
"W1030_202412_2","1030","2024-12","2024-12-08","367.79","9","12","25.59"
"W1030_202412_3","1030","2024-12","2024-12-15","402.51","9","23","23.98"
"W1030_202412_4","1030","2024-12","2024-12-22","483.49","12","12","30.62"
"W1030_202501_1","1030","2025-01","2025-01-01","407.73","39","82","19.91"
"W1030_202501_2","1030","2025-01","2025-01-08","369.54","69","100","28.65"
"W1030_202501_3","1030","2025-01","2025-01-15","390.68","42","82","18.32"
"W1030_202501_4","1030","2025-01","2025-01-22","413.02","56","87","22.52"
"W1031_202410_1","1031","2024-10","2024-10-01","3288.05","97","38","19.61"
"W1031_202410_2","1031","2024-10","2024-10-08","2481.51","56","50","17.37"
"W1031_202410_3","1031","2024-10","2024-10-15","2885.94","67","37","34.13"
"W1031_202410_4","1031","2024-10","2024-10-22","2388.54","88","29","30.31"
"W1031_202411_1","1031","2024-11","2024-11-01","1619.17","113","52","23.81"
"W1031_202411_2","1031","2024-11","2024-11-08","1778.72","86","76","23.88"
"W1031_202411_3","1031","2024-11","2024-11-15","1909.83","100","84","23.04"
"W1031_202411_4","1031","2024-11","2024-11-22","1792.25","77","67","22.01"
"W1031_202412_1","1031","2024-12","2024-12-01","2192.07","116","37","50.03"
"W1031_202412_2","1031","2024-12","2024-12-08","2061.88","130","30","47.45"
"W1031_202412_3","1031","2024-12","2024-12-15","2536.1","127","50","33.83"
"W1031_202412_4","1031","2024-12","2024-12-22","2130.24","74","42","24.68"
"W1031_202501_1","1031","2025-01","2025-01-01","2348.3","110","120","22.39"
"W1031_202501_2","1031","2025-01","2025-01-08","1794.34","86","103","34.95"
"W1031_202501_3","1031","2025-01","2025-01-15","2209.9","119","95","23.51"
"W1031_202501_4","1031","2025-01","2025-01-22","2055.78","73","124","21.04"
"W1032_202410_1","1032","2024-10","2024-10-01","959.4","122","47","23.58"
"W1032_202410_2","1032","2024-10","2024-10-08","919.84","66","34","28.78"
"W1032_202410_3","1032","2024-10","2024-10-15","941.32","75","33","25.23"
"W1032_202410_4","1032","2024-10","2024-10-22","1341.2","124","42","15.11"
"W1032_202411_1","1032","2024-11","2024-11-01","837.41","26","115","9.24"
"W1032_202411_2","1032","2024-11","2024-11-08","952.17","32","102","15.96"
"W1032_202411_3","1032","2024-11","2024-11-15","996.54","18","117","12.32"
"W1032_202411_4","1032","2024-11","2024-11-22","1016.06","19","104","12.06"
"W1032_202412_1","1032","2024-12","2024-12-01","3080.05","101","100","39.31"
"W1032_202412_2","1032","2024-12","2024-12-08","2000.88","125","72","33.11"
"W1032_202412_3","1032","2024-12","2024-12-15","2061.24","125","94","31.22"
"W1032_202412_4","1032","2024-12","2024-12-22","2023.79","134","92","34.64"
"W1032_202501_1","1032","2025-01","2025-01-01","565.99","47","50","14.59"
"W1032_202501_2","1032","2025-01","2025-01-08","511.1","44","41","15.16"
"W1032_202501_3","1032","2025-01","2025-01-15","623.75","47","34","11.18"
"W1032_202501_4","1032","2025-01","2025-01-22","637.34","34","32","16.61"
"W1033_202410_1","1033","2024-10","2024-10-01","2611.74","120","71","9.82"
"W1033_202410_2","1033","2024-10","2024-10-08","2471.35","117","39","14.7"
"W1033_202410_3","1033","2024-10","2024-10-15","3104.06","111","72","10.13"
"W1033_202410_4","1033","2024-10","2024-10-22","2246.47","111","65","10.04"
"W1033_202411_1","1033","2024-11","2024-11-01","3021.67","59","59","15.85"
"W1033_202411_2","1033","2024-11","2024-11-08","3713.4","43","45","21.79"
"W1033_202411_3","1033","2024-11","2024-11-15","2874.69","57","58","17.82"
"W1033_202411_4","1033","2024-11","2024-11-22","2938.34","37","63","17.43"
"W1033_202412_1","1033","2024-12","2024-12-01","827.9","141","29","19.87"
"W1033_202412_2","1033","2024-12","2024-12-08","868.56","79","32","40.45"
"W1033_202412_3","1033","2024-12","2024-12-15","842.87","134","22","24.2"
"W1033_202412_4","1033","2024-12","2024-12-22","664.36","138","30","40.64"
"W1033_202501_1","1033","2025-01","2025-01-01","1696.04","39","6","18.45"
"W1033_202501_2","1033","2025-01","2025-01-08","1126.86","52","7","20.16"
"W1033_202501_3","1033","2025-01","2025-01-15","1355.17","41","10","16.93"
"W1033_202501_4","1033","2025-01","2025-01-22","1371.94","37","10","23.88"
"W1034_202410_1","1034","2024-10","2024-10-01","634.63","60","70","28.36"
"W1034_202410_2","1034","2024-10","2024-10-08","691.74","59","52","16.58"
"W1034_202410_3","1034","2024-10","2024-10-15","493.84","50","86","25.64"
"W1034_202410_4","1034","2024-10","2024-10-22","500.03","63","75","28.54"
"W1034_202411_1","1034","2024-11","2024-11-01","2827.93","96","104","20.74"
"W1034_202411_2","1034","2024-11","2024-11-08","2974.61","99","93","12.64"
"W1034_202411_3","1034","2024-11","2024-11-15","3657.19","91","67","13.27"
"W1034_202411_4","1034","2024-11","2024-11-22","3349.57","82","84","17.63"
"W1034_202412_1","1034","2024-12","2024-12-01","355.26","70","127","19.66"
"W1034_202412_2","1034","2024-12","2024-12-08","312.15","75","97","24.74"
"W1034_202412_3","1034","2024-12","2024-12-15","369.57","100","113","17.02"
"W1034_202412_4","1034","2024-12","2024-12-22","395.71","93","101","19.29"
"W1034_202501_1","1034","2025-01","2025-01-01","1940.41","38","36","28.86"
"W1034_202501_2","1034","2025-01","2025-01-08","1878.78","19","66","27.23"
"W1034_202501_3","1034","2025-01","2025-01-15","1566.22","20","73","24.03"
"W1034_202501_4","1034","2025-01","2025-01-22","1756.45","23","72","28.05"
"W1035_202410_1","1035","2024-10","2024-10-01","1816.51","38","67","14.89"
"W1035_202410_2","1035","2024-10","2024-10-08","2014.88","48","61","20.57"
"W1035_202410_3","1035","2024-10","2024-10-15","1837.69","41","77","17.57"
"W1035_202410_4","1035","2024-10","2024-10-22","1693.94","28","70","16.4"
"W1035_202411_1","1035","2024-11","2024-11-01","828.42","70","110","21.74"
"W1035_202411_2","1035","2024-11","2024-11-08","778.59","69","123","26.07"
"W1035_202411_3","1035","2024-11","2024-11-15","768.06","68","89","21.13"
"W1035_202411_4","1035","2024-11","2024-11-22","815.72","54","138","27.11"
"W1035_202412_1","1035","2024-12","2024-12-01","2628.82","92","34","21.01"
"W1035_202412_2","1035","2024-12","2024-12-08","2986.28","147","28","17.13"
"W1035_202412_3","1035","2024-12","2024-12-15","2863.08","130","30","16.34"
"W1035_202412_4","1035","2024-12","2024-12-22","2806.03","91","29","13.09"
"W1035_202501_1","1035","2025-01","2025-01-01","1218.13","26","112","42.67"
"W1035_202501_2","1035","2025-01","2025-01-08","1529.89","27","118","36.23"
"W1035_202501_3","1035","2025-01","2025-01-15","1672.92","25","114","31.64"
"W1035_202501_4","1035","2025-01","2025-01-22","1111.19","21","111","27.92"
"W1036_202410_1","1036","2024-10","2024-10-01","2352.14","38","44","15.02"
"W1036_202410_2","1036","2024-10","2024-10-08","2725.48","25","37","12.45"
"W1036_202410_3","1036","2024-10","2024-10-15","2817.25","27","44","14.23"
"W1036_202410_4","1036","2024-10","2024-10-22","2983.34","36","28","13.24"
"W1036_202411_1","1036","2024-11","2024-11-01","964.18","61","88","19.76"
"W1036_202411_2","1036","2024-11","2024-11-08","1032.98","66","87","19.45"
"W1036_202411_3","1036","2024-11","2024-11-15","969.97","57","41","24.16"
"W1036_202411_4","1036","2024-11","2024-11-22","1031.31","86","59","26.75"
"W1036_202412_1","1036","2024-12","2024-12-01","2907.44","31","55","22.14"
"W1036_202412_2","1036","2024-12","2024-12-08","3236.26","32","51","17.25"
"W1036_202412_3","1036","2024-12","2024-12-15","3103.22","27","37","25.83"
"W1036_202412_4","1036","2024-12","2024-12-22","2199.47","30","65","22.77"
"W1036_202501_1","1036","2025-01","2025-01-01","435.83","63","29","18.89"
"W1036_202501_2","1036","2025-01","2025-01-08","285.26","75","28","18.66"
"W1036_202501_3","1036","2025-01","2025-01-15","463.36","66","39","13.78"
"W1036_202501_4","1036","2025-01","2025-01-22","317.82","68","29","17.8"
"W1037_202410_1","1037","2024-10","2024-10-01","2830.46","22","3","11.34"
"W1037_202410_2","1037","2024-10","2024-10-08","2040.48","22","6","13.99"
"W1037_202410_3","1037","2024-10","2024-10-15","2670.26","24","6","13.48"
"W1037_202410_4","1037","2024-10","2024-10-22","1967.49","17","5","15.75"
"W1037_202411_1","1037","2024-11","2024-11-01","3699.76","109","33","12.72"
"W1037_202411_2","1037","2024-11","2024-11-08","3695.5","97","47","10.33"
"W1037_202411_3","1037","2024-11","2024-11-15","2943.93","92","48","12.56"
"W1037_202411_4","1037","2024-11","2024-11-22","2510.37","104","59","8.43"
"W1037_202412_1","1037","2024-12","2024-12-01","2549.92","89","26","19.46"
"W1037_202412_2","1037","2024-12","2024-12-08","2849.15","114","37","14.86"
"W1037_202412_3","1037","2024-12","2024-12-15","1850.47","114","28","11.68"
"W1037_202412_4","1037","2024-12","2024-12-22","2716.96","135","44","16.39"
"W1037_202501_1","1037","2025-01","2025-01-01","2613.08","109","26","5.99"
"W1037_202501_2","1037","2025-01","2025-01-08","3207.44","129","31","5.76"
"W1037_202501_3","1037","2025-01","2025-01-15","2397.79","88","30","5.62"
"W1037_202501_4","1037","2025-01","2025-01-22","2151.53","121","23","8.08"
"W1038_202410_1","1038","2024-10","2024-10-01","1137.24","47","33","17.2"
"W1038_202410_2","1038","2024-10","2024-10-08","1332","60","32","18.68"
"W1038_202410_3","1038","2024-10","2024-10-15","1553.1","49","45","17.42"
"W1038_202410_4","1038","2024-10","2024-10-22","1280.96","48","30","14.14"
"W1038_202411_1","1038","2024-11","2024-11-01","3328.41","10","7","23.78"
"W1038_202411_2","1038","2024-11","2024-11-08","2626.65","12","7","30.28"
"W1038_202411_3","1038","2024-11","2024-11-15","3212.7","10","6","24.39"
"W1038_202411_4","1038","2024-11","2024-11-22","2270.91","13","7","29.16"
"W1038_202412_1","1038","2024-12","2024-12-01","821.59","120","43","18.09"
"W1038_202412_2","1038","2024-12","2024-12-08","625.96","114","76","15.41"
"W1038_202412_3","1038","2024-12","2024-12-15","673.46","120","80","13.39"
"W1038_202412_4","1038","2024-12","2024-12-22","614.68","79","42","15.54"
"W1038_202501_1","1038","2025-01","2025-01-01","3050.29","55","70","28.06"
"W1038_202501_2","1038","2025-01","2025-01-08","3304.57","82","79","38.29"
"W1038_202501_3","1038","2025-01","2025-01-15","2621.57","83","81","37.04"
"W1038_202501_4","1038","2025-01","2025-01-22","3368.29","46","51","25.63"
"W1039_202410_1","1039","2024-10","2024-10-01","1776.86","20","58","36.4"
"W1039_202410_2","1039","2024-10","2024-10-08","1224.99","14","47","32.28"
"W1039_202410_3","1039","2024-10","2024-10-15","1578.6","25","67","24.14"
"W1039_202410_4","1039","2024-10","2024-10-22","1638.86","16","93","30.3"
"W1039_202411_1","1039","2024-11","2024-11-01","2936.31","34","82","21.44"
"W1039_202411_2","1039","2024-11","2024-11-08","3230.24","49","51","32.3"
"W1039_202411_3","1039","2024-11","2024-11-15","2875.05","31","69","26.72"
"W1039_202411_4","1039","2024-11","2024-11-22","2288.98","49","36","28.1"
"W1039_202412_1","1039","2024-12","2024-12-01","4121.99","21","20","26.46"
"W1039_202412_2","1039","2024-12","2024-12-08","3710.11","24","19","23.97"
"W1039_202412_3","1039","2024-12","2024-12-15","2623.14","25","16","32.17"
"W1039_202412_4","1039","2024-12","2024-12-22","4035.1","15","13","26.18"
"W1039_202501_1","1039","2025-01","2025-01-01","1235.9","65","19","26.48"
"W1039_202501_2","1039","2025-01","2025-01-08","1288.56","46","13","31.72"
"W1039_202501_3","1039","2025-01","2025-01-15","1803.21","75","19","26.17"
"W1039_202501_4","1039","2025-01","2025-01-22","1792.7","69","10","28.56"
"W1040_202410_1","1040","2024-10","2024-10-01","3237.5","59","83","26.56"
"W1040_202410_2","1040","2024-10","2024-10-08","2676.86","48","109","31.55"
"W1040_202410_3","1040","2024-10","2024-10-15","3332.78","77","64","26.31"
"W1040_202410_4","1040","2024-10","2024-10-22","3505.61","67","69","25.64"
"W1040_202411_1","1040","2024-11","2024-11-01","452.53","15","16","21.99"
"W1040_202411_2","1040","2024-11","2024-11-08","643.08","18","11","21.12"
"W1040_202411_3","1040","2024-11","2024-11-15","694.61","24","14","27.24"
"W1040_202411_4","1040","2024-11","2024-11-22","489.19","18","17","21.01"
"W1040_202412_1","1040","2024-12","2024-12-01","2820.31","150","45","49.33"
"W1040_202412_2","1040","2024-12","2024-12-08","3722.08","79","61","46.89"
"W1040_202412_3","1040","2024-12","2024-12-15","3968.95","106","64","32.19"
"W1040_202412_4","1040","2024-12","2024-12-22","4067.12","114","40","28.51"
"W1040_202501_1","1040","2025-01","2025-01-01","711.79","85","93","13.44"
"W1040_202501_2","1040","2025-01","2025-01-08","812.01","156","53","24.61"
"W1040_202501_3","1040","2025-01","2025-01-15","830.26","105","100","14.39"
"W1040_202501_4","1040","2025-01","2025-01-22","614.72","158","114","15.38"
